bank_transaction_id,transaction_date,description,reference,credit_amount,debit_amount,balance,bank_utr
BANK-80008,2026-08-15,NEFT-RZP-PAYOUT-SET-20260815-008,ORD-JRTZ6,12500.0,0.0,512500.0,KKBK478104447690
BANK-80036,2026-08-15,COLLECTION CREDIT RZP CHK-D7AE5,SET-20260815-036,732.3,0.0,513232.3,ICIC072630365968
BANK-80037,2026-08-15,RZP PAYOUT INV-9ZPDW UTR:HDFC469072315571,SET-20260815-037,23433.6,0.0,536665.9,HDFC469072315571
BANK-80003,2026-08-16,RAZORPAY SETTLEMENT SET-20260816-003,INV-FMXYX,24000.0,0.0,560665.9,HDFC617139656872
BANK-80009,2026-08-16,RAZORPAY SETTLEMENT SET-20260816-009,CHK-EFQ5C,12500.0,0.0,573165.9,KKBK065007244891
BANK-80011,2026-08-16,COLLECTION CREDIT RZP WEB-8UUBC,WEB-8UUBC,6200.0,0.0,579365.9,PUNB559272362370
BANK-80017,2026-08-16,NEFT-RZP-PAYOUT-SET-20260816-017,INV-XD6SX,18900.0,0.0,598265.9,UTIB421496963502
BANK-80021,2026-08-16,RAZORPAY NEFT SETTLEMENT CHK-PGP6U,CHK-PGP6U,12500.0,0.0,610765.9,PUNB085492388577
BANK-80029,2026-08-16,RAZORPAY NEFT SETTLEMENT ORD-38CHT,ORD-38CHT,1200.0,0.0,611965.9,SBIN672544893667
BANK-80034,2026-08-16,CMS/RAZORPAY/SET-20260816-034/NODAL,SET-20260816-034,8299.4,0.0,620265.3,SBIN892539588274
BANK-80041,2026-08-16,RAZORPAY NEFT SETTLEMENT CHK-83M3A,SET-20260816-041,23433.6,0.0,643698.9,KKBK137236364693
BANK-80064,2026-08-16,SETTLEMENT REF SET-20260816-064 / PUNB691670073356,SET-20260816-064,9764.0,0.0,653462.9,PUNB691670073356
BANK-80074,2026-08-16,RAZORPAY NEFT SETTLEMENT WEB-HCVQX,SET-20260816-074,0.0,446.04,653016.86,HDFC204577192955
BANK-80081,2026-08-16,RZP PAYOUT CHK-NTBAF UTR:SBIN863998929652,SET-20260816-081,0.0,17.7,652999.16,SBIN863998929652
BANK-80002,2026-08-17,RZP PAYOUT WEB-NMMJB UTR:SBIN593586857022,WEB-NMMJB,750.0,0.0,653749.16,SBIN593586857022
BANK-80024,2026-08-17,SETTLEMENT REF WEB-7U7N8 / ICIC066178619734 ,WEB-7U7N8,18900.0,0.0,672649.16,ICIC066178619734
BANK-80031,2026-08-17,RAZORPAY SETTLEMENT SET-20260817-031,SET-20260817-031,3904.62,0.0,676553.78,PUNB425458760268
BANK-80065,2026-08-17,RZP PAYOUT SET-20260817-065 UTR:HDFC354918037444,SET-20260817-065,8494.68,0.0,685048.46,HDFC354918037444
BANK-80068,2026-08-17,PAYMENT GATEWAY CREDIT SET-20260817-068 VIA NEFT,SET-20260817-068,8982.88,0.0,694031.34,ICIC155013446536
BANK-80071,2026-08-17,CMS/RAZORPAY/SET-20260817-071/NODAL,SET-20260817-071,14353.08,0.0,708384.42,PUNB809489087178
BANK-80075,2026-08-17,RAZORPAY NEFT SETTLEMENT CHK-KB867,SET-20260817-075,1167.18,0.0,709551.6,PUNB650363564215
BANK-80076,2026-08-17,COLLECTION CREDIT RZP CHK-8TEHG,SET-20260817-076,5955.0,0.0,715506.6,PUNB043580360085
BANK-80027,2026-08-18,CMS/RAZORPAY/SET-20260818-027/NODAL,APP-MTM9T,3999.0,0.0,719505.6,UTIB722111571247
BANK-80028,2026-08-18,RZP PAYOUT INV-ATJ9T UTR:PUNB967102439281,INV-ATJ9T,1200.0,0.0,720705.6,PUNB967102439281
BANK-80044,2026-08-18,razorpay settlement set-20260818-044,SET-20260818-044,18453.96,0.0,739159.56,UTIB811216007231
BANK-80046,2026-08-18,RZP PAYOUT APP-TL9SQ UTR:KKBK471685848483,SET-20260818-046,18453.96,0.0,757613.52,KKBK471685848483
BANK-80049,2026-08-18,COLLECTION CREDIT RZP ORD-Z9CSN,SET-20260818-049,732.3,0.0,758345.82,SBIN337750016626
BANK-80059,2026-08-18,CMS/RAZORPAY/SET-20260818-059/NODAL,SET-20260818-059,4735.54,0.0,763081.36,SBIN617400285751
BANK-80060,2026-08-18,RAZORPAY SETTLEMENT SET-20260818-060,SET-20260818-060,23433.6,0.0,786514.96,KKBK572035165395
BANK-80066,2026-08-18,RAZORPAY NEFT SETTLEMENT SET-20260818-066,SET-20260818-066,14157.8,0.0,800672.76,KKBK768580065674
BANK-80067,2026-08-18,rzp payout set-20260818-067 utr:sbin948403425025,SET-20260818-067,7323.0,0.0,807995.76,SBIN948403425025
BANK-80070,2026-08-18,CMS/RAZORPAY/SET-20260818-070/NODAL,SET-20260818-070,8201.76,0.0,816197.52,UTIB967282521720
BANK-80097,2026-08-18,DIRECT UPI SETTLEMENT NO REF,UPI-MISC-99,1464.6,0.0,817662.12,UPI999999999999
BANK-80006,2026-08-19,payment gateway credit set-20260819-006 via neft,ORD-E2T2S,18900.0,0.0,836562.12,HDFC541398225078
BANK-80010,2026-08-19,PAYMENT GATEWAY CREDIT SET-20260819-010 VIA NEFT ,CHK-YZ3XR,3999.0,0.0,840561.12,ICIC295570558190
BANK-80022,2026-08-19,NEFT-RZP-PAYOUT-SET-20260819-022,INV-X3Z47,6200.0,0.0,846761.12,KKBK595604812343
BANK-80030,2026-08-19,PAYMENT GATEWAY CREDIT SET-20260819-030 VIA NEFT,ORD-TFPYR,2450.0,0.0,849211.12,HDFC277469766945
BANK-80035,2026-08-19,PAYMENT GATEWAY CREDIT SET-20260819-035 VIA NEFT,SET-20260819-035,1171.68,0.0,850382.8,UTIB892384349397
BANK-80043,2026-08-19,PAYMENT GATEWAY CREDIT SET-20260819-043 VIA NEFT,SET-20260819-043,2392.18,0.0,852774.98,PUNB331184665072
BANK-80057,2026-08-19,NEFT-RZP-PAYOUT-SET-20260819-057,SET-20260819-057,34174.0,0.0,886948.98,PUNB722979165477
BANK-80063,2026-08-19,NEFT-RZP-PAYOUT-SET-20260819-063,SET-20260819-063,4735.54,0.0,891684.52,ICIC530636463083
BANK-80082,2026-08-19,SETTLEMENT REF INV-AGE44 / HDFC255865377607 ,SET-20260819-082,0.0,28.32,891656.2,HDFC255865377607
BANK-80093,2026-08-19,PAYMENT GATEWAY CREDIT SET-20260819-095 VIA NEFT,SET-20260819-095,8299.4,0.0,899955.6,ICIC276864678855
BANK-80094,2026-08-19,RZP PAYOUT WEB-E2PBJ UTR:PUNB182787645244,SET-20260819-096,12205.0,0.0,912160.6,PUNB182787645244
BANK-80095,2026-08-19,COLLECTION CREDIT RZP CHK-LA2ZZ,SET-20260819-097,7948.35,0.0,920108.95,SBIN668739843251
BANK-80014,2026-08-20,NEFT-RZP-PAYOUT-SET-20260820-014 ,ORD-BM79B,6200.0,0.0,926308.95,UTIB221784619898
BANK-80015,2026-08-20,NEFT-RZP-PAYOUT-SET-20260820-015,ORD-J3D55,24000.0,0.0,950308.95,ICIC193882632073
BANK-80033,2026-08-20,RAZORPAY SETTLEMENT SET-20260820-033,SET-20260820-033,12205.0,0.0,962513.95,SBIN672594619621
BANK-80058,2026-08-20,SETTLEMENT REF WEB-W5TD5 / HDFC272914924300,SET-20260820-058,3904.62,0.0,966418.57,HDFC272914924300
BANK-80077,2026-08-20,SETTLEMENT REF ORD-8D9RH / KKBK732324633848,SET-20260820-077,0.0,57.82,966360.75,KKBK732324633848
BANK-80078,2026-08-20,settlement ref ord-zatuz / utib133846628964,SET-20260820-078,9003.96,0.0,975364.71,UTIB133846628964
BANK-80092,2026-08-20,COLLECTION CREDIT RZP CHK-VUPRT,SET-20260820-092,6053.68,0.0,981418.39,PUNB911218689413
BANK-80004,2026-08-21,PAYMENT GATEWAY CREDIT SET-20260821-004 VIA NEFT,INV-GR6WE,18900.0,0.0,1000318.39,ICIC252583295001
BANK-80005,2026-08-21,RZP PAYOUT APP-9S95A UTR:PUNB187732107797,APP-9S95A,6200.0,0.0,1006518.39,PUNB187732107797
BANK-80023,2026-08-21,RZP PAYOUT WEB-ZB8HC UTR:PUNB002862419423,WEB-ZB8HC,8500.0,0.0,1015018.39,PUNB002862419423
BANK-80038,2026-08-21,collection credit rzp app-eqjja,SET-20260821-038,8299.4,0.0,1023317.79,SBIN961435642813
BANK-80039,2026-08-21,PAYMENT GATEWAY CREDIT SET-20260821-039 VIA NEFT,SET-20260821-039,34174.0,0.0,1057491.79,PUNB997897282127
BANK-80045,2026-08-21,RZP PAYOUT CHK-2SDS8 UTR:HDFC796360984174,SET-20260821-045,8299.4,0.0,1065791.19,HDFC796360984174
BANK-80047,2026-08-21,settlement ref chk-c4cdz / icic555313678796,SET-20260821-047,1171.68,0.0,1066962.87,ICIC555313678796
BANK-80080,2026-08-21,RAZORPAY NEFT SETTLEMENT INV-TKSYP,SET-20260821-080,0.0,826.0,1066136.87,ICIC101158233459
BANK-80083,2026-08-21,cms/razorpay/set-20260821-083/nodal,SET-20260821-083,0.0,114.46,1066022.41,UTIB742531537220
BANK-80088,2026-08-21,RAZORPAY NEFT SETTLEMENT APP-V7DHX,SET-20260821-088,20504.4,0.0,1086526.81,ICIC609637940255
BANK-80089,2026-08-21,SETTLEMENT REF INV-9RK7C / PUNB134244463381,SET-20260821-089,1171.68,0.0,1087698.49,PUNB134244463381
BANK-80007,2026-08-22,RAZORPAY SETTLEMENT SET-20260822-007,APP-5PGTZ,3999.0,0.0,1091697.49,ICIC736384200550
BANK-80020,2026-08-22,PAYMENT GATEWAY CREDIT SET-20260822-020 VIA NEFT,APP-QF5Q2,6200.0,0.0,1097897.49,PUNB274247238013
BANK-80026,2026-08-22,RAZORPAY SETTLEMENT SET-20260822-026 ,WEB-RLRMJ,4850.0,0.0,1102747.49,UTIB872090747664
BANK-80050,2026-08-22,RAZORPAY NEFT SETTLEMENT INV-PKXRX,SET-20260822-050,732.3,0.0,1103479.79,HDFC290297721441
BANK-80052,2026-08-22,COLLECTION CREDIT RZP INV-2CWSG,SET-20260822-052,2392.18,0.0,1105871.97,UTIB396112117096
BANK-80013,2026-08-23,PAYMENT GATEWAY CREDIT SET-20260823-013 VIA NEFT,ORD-YGWJR,18900.0,0.0,1124771.97,HDFC042076275400
BANK-80016,2026-08-23,RAZORPAY NEFT SETTLEMENT INV-F8JDP,INV-F8JDP,750.0,0.0,1125521.97,PUNB749181045869
BANK-80072,2026-08-23,COLLECTION CREDIT RZP SET-20260823-072,SET-20260823-072,16012.96,0.0,1141534.93,PUNB523264169876
BANK-80073,2026-08-23,RAZORPAY NEFT SETTLEMENT SET-20260823-073,SET-20260823-073,10740.4,0.0,1152275.33,HDFC563020204750
BANK-80079,2026-08-23,RAZORPAY SETTLEMENT SET-20260823-079,SET-20260823-079,0.0,566.4,1151708.93,HDFC482705366644
BANK-80085,2026-08-23,NEFT-RZP-PAYOUT-SET-20260823-085,SET-20260823-085,11072.38,0.0,1162781.31,HDFC122739746410
BANK-80091,2026-08-23,cms/razorpay/set-20260823-091/nodal,SET-20260823-091,2392.18,0.0,1165173.49,SBIN653868726011
BANK-80012,2026-08-24,RZP PAYOUT ORD-SEMCH UTR:UTIB187696082691,ORD-SEMCH,12500.0,0.0,1177673.49,UTIB187696082691
BANK-80018,2026-08-24,RZP PAYOUT CHK-XS38Z UTR:PUNB056387621024,CHK-XS38Z,8500.0,0.0,1186173.49,PUNB056387621024
BANK-80048,2026-08-24,SETTLEMENT REF WEB-MTDJH / SBIN898660982173,SET-20260824-048,2392.18,0.0,1188565.67,SBIN898660982173
BANK-80061,2026-08-24,RZP PAYOUT INV-ZMCHX UTR:HDFC773058174668,SET-20260824-061,4735.54,0.0,1193301.21,HDFC773058174668
BANK-80062,2026-08-24,NEFT-RZP-PAYOUT-SET-20260824-062,SET-20260824-062,487.22,0.0,1193788.43,SBIN271378313878
BANK-80086,2026-08-24,NEFT-RZP-PAYOUT-SET-20260824-086,SET-20260824-086,4979.64,0.0,1198768.07,KKBK923992645238
BANK-80087,2026-08-24,NEFT-RZP-PAYOUT-SET-20260824-087,SET-20260824-087,703.01,0.0,1199471.08,PUNB087613214345
BANK-80001,2026-08-25,NEFT-RZP-PAYOUT-SET-20260825-001,ORD-EDZTU,2450.0,0.0,1201921.08,HDFC025016525808
BANK-80019,2026-08-25,SETTLEMENT REF CHK-HWA22 / HDFC728645911455,CHK-HWA22,8500.0,0.0,1210421.08,HDFC728645911455
BANK-80025,2026-08-25,COLLECTION CREDIT RZP WEB-PM6QE,WEB-PM6QE,8500.0,0.0,1218921.08,ICIC792854472880
BANK-80032,2026-08-25,RZP PAYOUT CHK-SQJ9P UTR:SBIN944311446470,SET-20260825-032,1171.68,0.0,1220092.76,SBIN944311446470
BANK-80040,2026-08-25,RZP PAYOUT WEB-UZCKZ UTR:ICIC278352199928,SET-20260825-040,8299.4,0.0,1228392.16,ICIC278352199928
BANK-80042,2026-08-25,NEFT-RZP-PAYOUT-SET-20260825-042,SET-20260825-042,23433.6,0.0,1251825.76,ICIC814679471404
BANK-80053,2026-08-25,RAZORPAY SETTLEMENT SET-20260825-053,SET-20260825-053,23433.6,0.0,1275259.36,HDFC304032690535
BANK-80054,2026-08-25,RAZORPAY SETTLEMENT SET-20260825-054,SET-20260825-054,18453.96,0.0,1293713.32,PUNB060795639376
BANK-80069,2026-08-25,NEFT-RZP-PAYOUT-SET-20260825-069,SET-20260825-069,9471.08,0.0,1303184.4,ICIC091031647987
BANK-80084,2026-08-25,RZP PAYOUT INV-DAKMJ UTR:ICIC045510557804,SET-20260825-084,2841.32,0.0,1306025.72,ICIC045510557804
BANK-80090,2026-08-25,RZP PAYOUT ORD-TLPQ3 UTR:PUNB164061537278,SET-20260825-090,12205.0,0.0,1318230.72,PUNB164061537278
BANK-80096,2026-08-25,NEFT-RZP-PAYOUT-SET-20260825-098,SET-20260825-098,701.32,0.0,1318932.04,SBIN261619262391
BANK-80051,2026-08-26,NEFT-RZP-PAYOUT-SET-20260826-051,SET-20260826-051,6053.68,0.0,1324985.72,SBIN741038689082
BANK-80055,2026-08-26,PAYMENT GATEWAY CREDIT SET-20260826-055 VIA NEFT,SET-20260826-055,732.3,0.0,1325718.02,ICIC351396359337
BANK-80056,2026-08-27,neft-rzp-payout-set-20260827-056,SET-20260827-056,23433.6,0.0,1349151.62,SBIN191275575686
